<?xml version="1.0" encoding="UTF-8"?>
<project-private xmlns="http://www.netbeans.org/ns/project-private/1">
    <editor-bookmarks xmlns="http://www.netbeans.org/ns/editor-bookmarks/2" lastBookmarkId="0"/>
    <open-files xmlns="http://www.netbeans.org/ns/projectui-open-files/2">
        <group>
            <file>file:/D:/tecnologia%20web/1-2023/proyecto/email/InteligenciaDeNegocio/src/Negocio/NPersona.java</file>
            <file>file:/D:/tecnologia%20web/1-2023/proyecto/email/InteligenciaDeNegocio/src/inteligenciadenegocio/InteligenciaDeNegocio.java</file>
            <file>file:/D:/tecnologia%20web/1-2023/proyecto/email/InteligenciaDeNegocio/src/Negocio/NUsers.java</file>
            <file>file:/D:/tecnologia%20web/1-2023/proyecto/email/InteligenciaDeNegocio/src/Negocio/NPaciente.java</file>
            <file>file:/D:/tecnologia%20web/1-2023/proyecto/email/InteligenciaDeNegocio/src/Negocio/NAyuda.java</file>
            <file>file:/D:/tecnologia%20web/1-2023/proyecto/email/InteligenciaDeNegocio/src/Data/DAyuda.java</file>
        </group>
    </open-files>
</project-private>
